k,silhouette,sd_silhouette,median_silhouette,optimal_repeat_count,optimal_repeat_share
6,0.156981571803822,0.0192619772105256,0.163183727406727,2,0.5
3,0.166664869473604,0.0262799366163516,0.156577146276115,1,0.25
7,0.153048086256721,0.0316865027876734,0.156425060339094,1,0.25
4,0.154858525780349,0.00519517216204873,0.156171709186825,0,0
8,0.14724943994528,0.0126612827299433,0.152433506891032,0,0
5,0.137702424486607,0.0139478090496419,0.135098879580003,0,0
