metric,value
99th percentile cap,480.541000000001
Median log_Duration,4.36733591926388
Max log_Duration,6.17699137818421
