metric,value
99th percentile cap,480.705500000001
Median log_Duration,4.36553725687377
Max log_Duration,6.17733293146595
