metric,value
Rows,33228
Columns,2
x_km min,-46.0659847793281
x_km max,90.4384217038631
x_km span,136.504406483191
y_km min,-23.8228365779997
y_km max,37.9592801820003
y_km span,61.78211676
