k,silhouette,sd_silhouette,median_silhouette,optimal_repeat_count,optimal_repeat_share
7,0.161645857386753,0.0183901688958319,0.158421522814434,1,0.25
3,0.161184260201902,0.0103902799755378,0.156612225726188,1,0.25
8,0.160623515948372,0.0171616419536356,0.163347896114673,1,0.25
5,0.155496248244729,0.0182546681354493,0.155437636038525,1,0.25
4,0.148047601701189,0.0144237863193629,0.145367543451785,0,0
6,0.144249703504112,0.0105365182574434,0.141568366979332,0,0
